Product_ID,Product_Name,Category,Brand
P0001,Product_1,Footwear,EcoHome
P0002,Product_2,Clothing,DailyUse
P0003,Product_3,Home Decor,DailyUse
P0004,Product_4,Electronics,DailyUse
P0005,Product_5,Footwear,EcoHome
P0006,Product_6,Electronics,Nova
P0007,Product_7,Footwear,EcoHome
P0008,Product_8,Grocery,Nova
P0009,Product_9,Clothing,EcoHome
P0010,Product_10,Footwear,DailyUse
P0011,Product_11,Grocery,DailyUse
P0012,Product_12,Home Decor,Nova
P0013,Product_13,Home Decor,EcoHome
P0014,Product_14,Stationery,EcoHome
P0015,Product_15,Clothing,EcoHome
P0016,Product_16,Electronics,DailyUse
P0017,Product_17,Home Decor,SmartTech
P0018,Product_18,Footwear,DailyUse
P0019,Product_19,Home Decor,SmartTech
P0020,Product_20,Home Decor,Nova
P0021,Product_21,Electronics,EcoHome
P0022,Product_22,Clothing,DailyUse
P0023,Product_23,Stationery,Nova
P0024,Product_24,Clothing,Nova
P0025,Product_25,Clothing,DailyUse
P0026,Product_26,Stationery,SmartTech
P0027,Product_27,Electronics,DailyUse
P0028,Product_28,Electronics,DailyUse
P0029,Product_29,Grocery,EcoHome
P0030,Product_30,Home Decor,EcoHome
P0031,Product_31,Electronics,Nova
P0032,Product_32,Footwear,SmartTech
P0033,Product_33,Home Decor,Nova
P0034,Product_34,Stationery,SmartTech
P0035,Product_35,Footwear,Nova
P0036,Product_36,Clothing,EcoHome
P0037,Product_37,Stationery,Nova
P0038,Product_38,Grocery,Nova
P0039,Product_39,Grocery,DailyUse
P0040,Product_40,Grocery,Nova
P0041,Product_41,Clothing,EcoHome
P0042,Product_42,Electronics,EcoHome
P0043,Product_43,Footwear,Nova
P0044,Product_44,Footwear,SmartTech
P0045,Product_45,Stationery,EcoHome
P0046,Product_46,Home Decor,Nova
P0047,Product_47,Footwear,SmartTech
P0048,Product_48,Grocery,DailyUse
P0049,Product_49,Clothing,SmartTech
P0050,Product_50,Home Decor,Nova
P0051,Product_51,Home Decor,DailyUse
P0052,Product_52,Electronics,EcoHome
P0053,Product_53,Stationery,EcoHome
P0054,Product_54,Stationery,SmartTech
P0055,Product_55,Home Decor,EcoHome
P0056,Product_56,Grocery,SmartTech
P0057,Product_57,Clothing,SmartTech
P0058,Product_58,Clothing,Nova
P0059,Product_59,Grocery,DailyUse
P0060,Product_60,Home Decor,DailyUse
P0061,Product_61,Stationery,DailyUse
P0062,Product_62,Grocery,EcoHome
P0063,Product_63,Electronics,DailyUse
P0064,Product_64,Stationery,Nova
P0065,Product_65,Grocery,SmartTech
P0066,Product_66,Grocery,DailyUse
P0067,Product_67,Electronics,DailyUse
P0068,Product_68,Grocery,SmartTech
P0069,Product_69,Electronics,DailyUse
P0070,Product_70,Clothing,EcoHome
P0071,Product_71,Footwear,EcoHome
P0072,Product_72,Footwear,SmartTech
P0073,Product_73,Electronics,DailyUse
P0074,Product_74,Stationery,Nova
P0075,Product_75,Electronics,SmartTech
P0076,Product_76,Electronics,Nova
P0077,Product_77,Footwear,Nova
P0078,Product_78,Grocery,EcoHome
P0079,Product_79,Home Decor,SmartTech
P0080,Product_80,Footwear,DailyUse
P0081,Product_81,Footwear,SmartTech
P0082,Product_82,Home Decor,EcoHome
P0083,Product_83,Home Decor,DailyUse
P0084,Product_84,Clothing,EcoHome
P0085,Product_85,Footwear,EcoHome
P0086,Product_86,Stationery,EcoHome
P0087,Product_87,Footwear,DailyUse
P0088,Product_88,Home Decor,EcoHome
P0089,Product_89,Home Decor,EcoHome
P0090,Product_90,Clothing,EcoHome
P0091,Product_91,Clothing,EcoHome
P0092,Product_92,Home Decor,Nova
P0093,Product_93,Footwear,EcoHome
P0094,Product_94,Electronics,EcoHome
P0095,Product_95,Stationery,SmartTech
P0096,Product_96,Grocery,EcoHome
P0097,Product_97,Electronics,Nova
P0098,Product_98,Electronics,DailyUse
P0099,Product_99,Grocery,DailyUse
P0100,Product_100,Footwear,DailyUse
