Store_ID,Store_Name,Region,State
S001,RetailNova Store 1,North,Karnataka
S002,RetailNova Store 2,South,Punjab
S003,RetailNova Store 3,South,Maharashtra
S004,RetailNova Store 4,South,Delhi
S005,RetailNova Store 5,North,Gujarat
S006,RetailNova Store 6,South,Delhi
S007,RetailNova Store 7,East,Delhi
S008,RetailNova Store 8,West,Gujarat
S009,RetailNova Store 9,West,Delhi
S010,RetailNova Store 10,East,Maharashtra
S011,RetailNova Store 11,North,Punjab
S012,RetailNova Store 12,South,Gujarat
S013,RetailNova Store 13,East,Maharashtra
S014,RetailNova Store 14,North,Delhi
S015,RetailNova Store 15,South,Gujarat
S016,RetailNova Store 16,North,Tamil Nadu
S017,RetailNova Store 17,East,Delhi
S018,RetailNova Store 18,North,Maharashtra
S019,RetailNova Store 19,East,Rajasthan
S020,RetailNova Store 20,West,Maharashtra
